{
  "IsEncrypted": false,
  "Values": {
    "WEBSITE_SLOT_NAME": "Production",
    "FUNCTIONS_EXTENSION_VERSION": "~3",
    "ScmType": "None",
    "WEBSITE_AUTH_ENABLED": "False",
    "WEBSITE_RUN_FROM_PACKAGE": "1",
    "APPINSIGHTS_INSTRUMENTATIONKEY": "fcb3eb24-2a6b-4187-82a9-0a631de46e87",
    "WEBSITE_CONTENTAZUREFILECONNECTIONSTRING": "DefaultEndpointsProtocol=https;AccountName=shractestfunc1;AccountKey=wL00e3IY9IgkpxKYuMEnx9CgRmgTjVfrAnlwXtWhGx9XNuCNIe81+G9Ir+kAZCXUmLm9XAepDn0uBxMgbLE2jA==;EndpointSuffix=core.windows.net",
    "WEBSITE_CONTENTSHARE": "shractestfunc1ef1861",
    "FUNCTIONS_WORKER_RUNTIME": "dotnet",
    "WEBSITE_SITE_NAME": "shractestfunc1",
    "AzureWebJobsStorage": "DefaultEndpointsProtocol=https;AccountName=shractestfunc1;AccountKey=wL00e3IY9IgkpxKYuMEnx9CgRmgTjVfrAnlwXtWhGx9XNuCNIe81+G9Ir+kAZCXUmLm9XAepDn0uBxMgbLE2jA==;EndpointSuffix=core.windows.net"
  }
}